Time (in seconds) between students experiencing an unresponsive I.D. scanner or face recognition failure in the turnstile system at the FC ground floor building. ,,
Data Collection Note: Time-interval data was recorded manually using standard smartphone stopwatch applications.,,
Observation,Internal Arrival Time (seconds),
1,6.02,
2,39.37,
3,10.68,
4,19.19,
5,6.52,
6,1.63,
7,53.39,
8,8.75,
9,4.62,
10,12.33,
11,22.35,
12,55.41,
13,4.21,
14,58.24,
15,5.39,
16,1.26,
17,113.32,
18,12.44,
19,14.84,
20,8.9,
21,9.15,
22,29.72,
23,175.75,
24,124.76,
25,68.26,
26,5.52,
27,8.73,
28,8.42,
29,35.59,
30,188.82,
31,12.36,
32,14.66,
33,16.99,
34,12.36,
35,58.91,
36,177.13,
37,114.73,
38,22.09,
39,61.89,
,,
,,
,,
,,
